"Var1","Freq"
"A",-72.6273180317931
"B",87.6600829591924
"C",-183.096143979961
"D",-87.7393487906049
"E",448.933926079962
"F",-193.131198236795
